{"numpages": 13, "version": "1.0.0", "dimensions": {"exceptions": {}, "width": 651.85000000000002, "height": 841.77999999999997}, "links": []}